Second,Min,Max,Std,Var,label
38,0,1465,286.3951962,82022.2084,1
40,0,1469,205.66,42296.0356,1
42,0,1474,206.36,42584.4496,1
44,0,1420,198.8,39521.44,1
46,0,1430,200.2,40080.04,2
48,0,1438,201.32,40529.7424,2
38,0,1465,286.3951962,82022.2084,2
40,0,1469,205.66,42296.0356,3
42,0,1474,206.36,42584.4496,3
46,0,1482,290.1177202,84168.2916,3
38,0,1465,286.3951962,82022.2084,4
40,0,1469,205.66,42296.0356,4
42,0,1474,206.36,42584.4496,4
